Usuarios,Contra,Rol
swkds,dfkdsf,Vendedor
vmmk,dfkjlsdfkjl,Comprador
ewwe,dsfkjlsdkjf,Vendedor
dfsdsd,sdfkjlsdkjfls,Comprador
asps,sdfklsdkfj,Vendedor
dlv,dsfkljsdjkfl,Comprador
cvmvc,dfksfjkdd,Vendedor
ffre,dfkdsf,Comprador
pablo,dfkjlsdfkjl,Vendedor
Josue,dsfkjlsdkjf,Comprador
Velasquez,sdfkjlsdkjfls,Vendedor
Lopez,sdfklsdkfj,Comprador
wjkdw,dsfkljsdjkfl,Vendedor
qwqwkwq,dfksfjkdd,Comprador
dsvnv,dfkdsf,Vendedor
"sd,asm",dfkjlsdfkjl,Comprador
klfvmf,dsfkjlsdkjf,Vendedor
pokw,sdfkjlsdkjfls,Comprador
sdfdsñ,sdfklsdkfj,Vendedor
dmvm,dsfkljsdjkfl,Comprador
dfldsk,dfksfjkdd,Vendedor
we,dfkdsf,Comprador
poo,dfkjlsdfkjl,Vendedor
dsds,dsfkjlsdkjf,Comprador
xzcx,sdfkjlsdkjfls,Vendedor
cvxvcx,sdfklsdkfj,Comprador
zxcxzc,dsfkljsdjkfl,Vendedor
xcdf,dfksfjkdd,Comprador
eqw,dfkdsf,Vendedor
dfghtrht,dfkjlsdfkjl,Comprador
fdg,dsfkjlsdkjf,Vendedor
h4t,sdfkjlsdkjfls,Comprador
ewrtwt,sdfklsdkfj,Vendedor
wertwetr,dsfkljsdjkfl,Comprador
dsfgb,dfksfjkdd,Vendedor
kmiom,dfkdsf,Comprador
kkop,dfkjlsdfkjl,Vendedor
kkdd,dsfkjlsdkjf,Comprador
dkddk,sdfkjlsdkjfls,Vendedor
dkdw,sdfklsdkfj,Comprador
epprp,dsfkljsdjkfl,Vendedor
rprpr,dfksfjkdd,Comprador
fdfkdf,dfkdsf,Vendedor
vcvmvc,dfkjlsdfkjl,Comprador
vcmvcm,dsfkjlsdkjf,Vendedor
eperpre,sdfkjlsdkjfls,Comprador
wepwep,sdfklsdkfj,Vendedor
wepewpd,dsfkljsdjkfl,Comprador
Victor,dfksfjkdd,Vendedor
Man,dfkdsf,Comprador
Mru,dfkjlsdfkjl,Vendedor
Mewo,dsfkjlsdkjf,Comprador
Mall,sdfkjlsdkjfls,Vendedor
Mas,sdfklsdkfj,Comprador
sdksd,dsfkljsdjkfl,Vendedor
trwer,dfksfjkdd,Comprador
rt,dfkdsf,Vendedor
ytuytty,dfkjlsdfkjl,Comprador
rtt,dsfkjlsdkjf,Vendedor
tuyghgh,sdfkjlsdkjfls,Comprador
dfewr,sdfklsdkfj,Vendedor
fggf,dsfkljsdjkfl,Comprador
weret,dfksfjkdd,Vendedor
gfgsd,dfkdsf,Comprador
fdgfg,dfkjlsdfkjl,Vendedor
vxvfd,dsfkjlsdkjf,Comprador
bvj,sdfkjlsdkjfls,Vendedor
uytyr,sdfklsdkfj,Comprador
rtsgf,dsfkljsdjkfl,Vendedor
sfdgyh,dfksfjkdd,Comprador
dhdghrt,dfkdsf,Vendedor
dghf,dfkjlsdfkjl,Comprador
htrh,dsfkjlsdkjf,Vendedor
ferfref,sdfkjlsdkjfls,Comprador
grfe,sdfklsdkfj,Vendedor
asd,dsfkljsdjkfl,Comprador
sdfdsñ,dfksfjkdd,Vendedor
bfgb,dfkdsf,Comprador
gffdewq,dfkjlsdfkjl,Vendedor
qweqw,dsfkjlsdkjf,Comprador
dfvfvh,sdfkjlsdkjfls,Vendedor
dfgfgo,sdfklsdkfj,Comprador
ioiui,dsfkljsdjkfl,Vendedor
yuiyuiuy,dfksfjkdd,Comprador
ioiou,dfkdsf,Vendedor
oppoui,dfkjlsdfkjl,Comprador
treytrth,dsfkjlsdkjf,Vendedor
tryghgh,sdfkjlsdkjfls,Comprador
uthgfhtr,sdfklsdkfj,Vendedor
hhg,dsfkljsdjkfl,Comprador
tyuut,dfksfjkdd,Vendedor
uiyty,dfkdsf,Comprador
ghgf,dfkjlsdfkjl,Vendedor
rtyyr,dsfkjlsdkjf,Comprador
ghfg,sdfkjlsdkjfls,Vendedor
sdfsdffds,sdfklsdkfj,Comprador
dsfdsdsffds,dsfkljsdjkfl,Vendedor
sdfdsfds,dfksfjkdd,Comprador
sdfdsfds,dfkdsf,Vendedor
